<?xml version="1.0" encoding="UTF-8"?>
<GenRun Id="impl_1" LaunchPart="xc7a100tcsg324-1" LaunchTime="1471773541">
  <File Type="RUN-CONSTRS" Name="$PDATADIR/runs/impl_1/constrs_in.xml"/>
  <File Type="OPT-DCP" Name="simple_count_opt.dcp"/>
  <File Type="RUN-SRCS" Name="$PDATADIR/runs/impl_1/sources.xml"/>
  <File Type="RUN-STRAT" Name="$PDATADIR/runs/impl_1/impl_1.psg"/>
  <File Type="ROUTE-DCP" Name="simple_count_routed.dcp"/>
  <File Type="PA-TCL" Name="simple_count.tcl"/>
  <File Type="PWROPT-DCP" Name="simple_count_pwropt.dcp"/>
  <File Type="OPT-DRC" Name="simple_count_drc_opted.rpt"/>
  <File Type="PWROPT-DRC" Name="simple_count_drc_pwropted.rpt"/>
  <File Type="OPT-HWDEF" Name="simple_count.hwdef"/>
  <File Type="PLACE-DCP" Name="simple_count_placed.dcp"/>
  <File Type="PLACE-IO" Name="simple_count_io_placed.rpt"/>
  <File Type="PLACE-CLK" Name="simple_count_clock_utilization_placed.rpt"/>
  <File Type="PLACE-UTIL" Name="simple_count_utilization_placed.rpt"/>
  <File Type="PLACE-UTIL-PB" Name="simple_count_utilization_placed.pb"/>
  <File Type="PLACE-CTRL" Name="simple_count_control_sets_placed.rpt"/>
  <File Type="PLACE-SIMILARITY" Name="simple_count_incremental_reuse_placed.rpt"/>
  <File Type="PLACE-PRE-SIMILARITY" Name="simple_count_incremental_reuse_pre_placed.rpt"/>
  <File Type="POSTPLACE-PWROPT-DCP" Name="simple_count_postplace_pwropt.dcp"/>
  <File Type="PHYSOPT-DCP" Name="simple_count_physopt.dcp"/>
  <File Type="PHYSOPT-DRC" Name="simple_count_drc_physopted.rpt"/>
  <File Type="RDI-RDI" Name="simple_count.vdi"/>
  <File Type="ROUTE-DRC" Name="simple_count_drc_routed.rpt"/>
  <File Type="ROUTE-DRC-PB" Name="simple_count_drc_routed.pb"/>
  <File Type="ROUTE-PWR" Name="simple_count_power_routed.rpt"/>
  <File Type="ROUTE-PWR-SUM" Name="simple_count_power_summary_routed.pb"/>
  <File Type="ROUTE-STATUS" Name="simple_count_route_status.rpt"/>
  <File Type="ROUTE-STATUS-PB" Name="simple_count_route_status.pb"/>
  <File Type="ROUTE-TIMINGSUMMARY" Name="simple_count_timing_summary_routed.rpt"/>
  <File Type="ROUTE-TIMING-PB" Name="simple_count_timing_summary_routed.pb"/>
  <File Type="ROUTE-TIMING-RPX" Name="simple_count_timing_summary_routed.rpx"/>
  <File Type="ROUTE-SIMILARITY" Name="simple_count_incremental_reuse_routed.rpt"/>
  <File Type="ROUTE-CLK" Name="simple_count_clock_utilization_routed.rpt"/>
  <File Type="POSTROUTE-PHYSOPT-DCP" Name="simple_count_postroute_physopt.dcp"/>
  <File Type="POSTROUTE-PHYSOPT-TIMING" Name="simple_count_timing_summary_postroute_physopted.rpt"/>
  <File Type="POSTROUTE-PHYSOPT-TIMING-PB" Name="simple_count_timing_summary_postroute_physopted.pb"/>
  <File Type="POSTROUTE-PHYSOPT-TIMING-RPX" Name="simple_count_timing_summary_postroute_physopted.rpx"/>
  <File Type="BG-BIT" Name="simple_count.bit"/>
  <File Type="BG-BIN" Name="simple_count.bin"/>
  <File Type="BITSTR-MSK" Name="simple_count.msk"/>
  <File Type="BITSTR-RBT" Name="simple_count.rbt"/>
  <File Type="BITSTR-NKY" Name="simple_count.nky"/>
  <File Type="BITSTR-BMM" Name="simple_count_bd.bmm"/>
  <File Type="BITSTR-MMI" Name="simple_count.mmi"/>
  <File Type="BITSTR-SYSDEF" Name="simple_count.sysdef"/>
  <File Type="BG-BGN" Name="simple_count.bgn"/>
  <File Type="BG-DRC" Name="simple_count.drc"/>
  <File Type="WBT-USG" Name="usage_statistics_webtalk.html"/>
  <FileSet Name="sources" Type="DesignSrcs" RelSrcDir="$PSRCDIR/sources_1">
    <Filter Type="Srcs"/>
    <File Path="$PSRCDIR/sources_1/new/simple_count.v">
      <FileInfo>
        <Attr Name="ImportPath" Val="F:/Teaching/NUS/TA/CG3207/Lab/__S1_AY2016-17/Work/Lab1/simple_count_Verilog/simple_count_Verilog.srcs/sources_1/new/simple_count.v"/>
        <Attr Name="ImportTime" Val="1471773110"/>
        <Attr Name="UsedIn" Val="synthesis"/>
        <Attr Name="UsedIn" Val="implementation"/>
        <Attr Name="UsedIn" Val="simulation"/>
      </FileInfo>
    </File>
    <Config>
      <Option Name="DesignMode" Val="RTL"/>
      <Option Name="TopModule" Val="simple_count"/>
      <Option Name="TopAutoSet" Val="TRUE"/>
    </Config>
  </FileSet>
  <FileSet Name="constrs_in" Type="Constrs" RelSrcDir="$PSRCDIR/constrs_1">
    <Filter Type="Constrs"/>
    <File Path="$PSRCDIR/constrs_1/imports/Desktop/Nexys4_Master.xdc">
      <FileInfo>
        <Attr Name="ImportPath" Val="$PPRDIR/../../../../../../../../Desktop/Nexys4_Master.xdc"/>
        <Attr Name="ImportTime" Val="1378272382"/>
        <Attr Name="UsedIn" Val="synthesis"/>
        <Attr Name="UsedIn" Val="implementation"/>
      </FileInfo>
    </File>
    <Config>
      <Option Name="ConstrsType" Val="XDC"/>
    </Config>
  </FileSet>
  <Strategy Version="1" Minor="2">
    <StratHandle Name="Vivado Implementation Defaults" Flow="Vivado Implementation 2015"/>
    <Step Id="init_design"/>
    <Step Id="opt_design"/>
    <Step Id="power_opt_design"/>
    <Step Id="place_design"/>
    <Step Id="post_place_power_opt_design"/>
    <Step Id="phys_opt_design"/>
    <Step Id="route_design"/>
    <Step Id="post_route_phys_opt_design"/>
    <Step Id="write_bitstream"/>
  </Strategy>
</GenRun>
